banco;valor_imovel;taxa;prazo;slug
Caixa;150000;0.75;360;simulador-caixa-150-mil-360-meses
Caixa;150000;0.75;420;simulador-caixa-150-mil-420-meses
Caixa;200000;0.75;360;simulador-caixa-200-mil-360-meses
Caixa;200000;0.75;420;simulador-caixa-200-mil-420-meses
Caixa;250000;0.75;360;simulador-caixa-250-mil-360-meses
Caixa;250000;0.75;420;simulador-caixa-250-mil-420-meses
Caixa;300000;0.75;360;simulador-caixa-300-mil-360-meses
Caixa;300000;0.75;420;simulador-caixa-300-mil-420-meses
Caixa;350000;0.75;360;simulador-caixa-350-mil-360-meses
Caixa;350000;0.75;420;simulador-caixa-350-mil-420-meses
Caixa;400000;0.75;360;simulador-caixa-400-mil-360-meses
Caixa;400000;0.75;420;simulador-caixa-400-mil-420-meses
Caixa;450000;0.75;360;simulador-caixa-450-mil-360-meses
Caixa;450000;0.75;420;simulador-caixa-450-mil-420-meses
Caixa;500000;0.75;360;simulador-caixa-500-mil-360-meses
Caixa;500000;0.75;420;simulador-caixa-500-mil-420-meses
Caixa;550000;0.75;360;simulador-caixa-550-mil-360-meses
Caixa;550000;0.75;420;simulador-caixa-550-mil-420-meses
Caixa;600000;0.75;360;simulador-caixa-600-mil-360-meses
Caixa;600000;0.75;420;simulador-caixa-600-mil-420-meses
Caixa;650000;0.75;360;simulador-caixa-650-mil-360-meses
Caixa;650000;0.75;420;simulador-caixa-650-mil-420-meses
Caixa;700000;0.75;360;simulador-caixa-700-mil-360-meses
Caixa;700000;0.75;420;simulador-caixa-700-mil-420-meses
Caixa;750000;0.75;360;simulador-caixa-750-mil-360-meses
Caixa;750000;0.75;420;simulador-caixa-750-mil-420-meses
Caixa;800000;0.75;360;simulador-caixa-800-mil-360-meses
Caixa;800000;0.75;420;simulador-caixa-800-mil-420-meses
Caixa;850000;0.75;360;simulador-caixa-850-mil-360-meses
Caixa;850000;0.75;420;simulador-caixa-850-mil-420-meses
Caixa;900000;0.75;360;simulador-caixa-900-mil-360-meses
Caixa;900000;0.75;420;simulador-caixa-900-mil-420-meses
Caixa;950000;0.75;360;simulador-caixa-950-mil-360-meses
Caixa;950000;0.75;420;simulador-caixa-950-mil-420-meses
Caixa;1000000;0.75;360;simulador-caixa-1000-mil-360-meses
Caixa;1000000;0.75;420;simulador-caixa-1000-mil-420-meses
Caixa;1050000;0.75;360;simulador-caixa-1050-mil-360-meses
Caixa;1050000;0.75;420;simulador-caixa-1050-mil-420-meses
Caixa;1100000;0.75;360;simulador-caixa-1100-mil-360-meses
Caixa;1100000;0.75;420;simulador-caixa-1100-mil-420-meses
Caixa;1150000;0.75;360;simulador-caixa-1150-mil-360-meses
Caixa;1150000;0.75;420;simulador-caixa-1150-mil-420-meses
Caixa;1200000;0.75;360;simulador-caixa-1200-mil-360-meses
Caixa;1200000;0.75;420;simulador-caixa-1200-mil-420-meses
Caixa;1250000;0.75;360;simulador-caixa-1250-mil-360-meses
Caixa;1250000;0.75;420;simulador-caixa-1250-mil-420-meses
Caixa;1300000;0.75;360;simulador-caixa-1300-mil-360-meses
Caixa;1300000;0.75;420;simulador-caixa-1300-mil-420-meses
Caixa;1350000;0.75;360;simulador-caixa-1350-mil-360-meses
Caixa;1350000;0.75;420;simulador-caixa-1350-mil-420-meses
Caixa;1400000;0.75;360;simulador-caixa-1400-mil-360-meses
Caixa;1400000;0.75;420;simulador-caixa-1400-mil-420-meses
Caixa;1450000;0.75;360;simulador-caixa-1450-mil-360-meses
Caixa;1450000;0.75;420;simulador-caixa-1450-mil-420-meses
Caixa;1500000;0.75;360;simulador-caixa-1500-mil-360-meses
Caixa;1500000;0.75;420;simulador-caixa-1500-mil-420-meses
Banco do Brasil;150000;0.79;360;simulador-banco-do-brasil-150-mil-360-meses
Banco do Brasil;150000;0.79;420;simulador-banco-do-brasil-150-mil-420-meses
Banco do Brasil;200000;0.79;360;simulador-banco-do-brasil-200-mil-360-meses
Banco do Brasil;200000;0.79;420;simulador-banco-do-brasil-200-mil-420-meses
Banco do Brasil;250000;0.79;360;simulador-banco-do-brasil-250-mil-360-meses
Banco do Brasil;250000;0.79;420;simulador-banco-do-brasil-250-mil-420-meses
Banco do Brasil;300000;0.79;360;simulador-banco-do-brasil-300-mil-360-meses
Banco do Brasil;300000;0.79;420;simulador-banco-do-brasil-300-mil-420-meses
Banco do Brasil;350000;0.79;360;simulador-banco-do-brasil-350-mil-360-meses
Banco do Brasil;350000;0.79;420;simulador-banco-do-brasil-350-mil-420-meses
Banco do Brasil;400000;0.79;360;simulador-banco-do-brasil-400-mil-360-meses
Banco do Brasil;400000;0.79;420;simulador-banco-do-brasil-400-mil-420-meses
Banco do Brasil;450000;0.79;360;simulador-banco-do-brasil-450-mil-360-meses
Banco do Brasil;450000;0.79;420;simulador-banco-do-brasil-450-mil-420-meses
Banco do Brasil;500000;0.79;360;simulador-banco-do-brasil-500-mil-360-meses
Banco do Brasil;500000;0.79;420;simulador-banco-do-brasil-500-mil-420-meses
Banco do Brasil;550000;0.79;360;simulador-banco-do-brasil-550-mil-360-meses
Banco do Brasil;550000;0.79;420;simulador-banco-do-brasil-550-mil-420-meses
Banco do Brasil;600000;0.79;360;simulador-banco-do-brasil-600-mil-360-meses
Banco do Brasil;600000;0.79;420;simulador-banco-do-brasil-600-mil-420-meses
Banco do Brasil;650000;0.79;360;simulador-banco-do-brasil-650-mil-360-meses
Banco do Brasil;650000;0.79;420;simulador-banco-do-brasil-650-mil-420-meses
Banco do Brasil;700000;0.79;360;simulador-banco-do-brasil-700-mil-360-meses
Banco do Brasil;700000;0.79;420;simulador-banco-do-brasil-700-mil-420-meses
Banco do Brasil;750000;0.79;360;simulador-banco-do-brasil-750-mil-360-meses
Banco do Brasil;750000;0.79;420;simulador-banco-do-brasil-750-mil-420-meses
Banco do Brasil;800000;0.79;360;simulador-banco-do-brasil-800-mil-360-meses
Banco do Brasil;800000;0.79;420;simulador-banco-do-brasil-800-mil-420-meses
Banco do Brasil;850000;0.79;360;simulador-banco-do-brasil-850-mil-360-meses
Banco do Brasil;850000;0.79;420;simulador-banco-do-brasil-850-mil-420-meses
Banco do Brasil;900000;0.79;360;simulador-banco-do-brasil-900-mil-360-meses
Banco do Brasil;900000;0.79;420;simulador-banco-do-brasil-900-mil-420-meses
Banco do Brasil;950000;0.79;360;simulador-banco-do-brasil-950-mil-360-meses
Banco do Brasil;950000;0.79;420;simulador-banco-do-brasil-950-mil-420-meses
Banco do Brasil;1000000;0.79;360;simulador-banco-do-brasil-1000-mil-360-meses
Banco do Brasil;1000000;0.79;420;simulador-banco-do-brasil-1000-mil-420-meses
Banco do Brasil;1050000;0.79;360;simulador-banco-do-brasil-1050-mil-360-meses
Banco do Brasil;1050000;0.79;420;simulador-banco-do-brasil-1050-mil-420-meses
Banco do Brasil;1100000;0.79;360;simulador-banco-do-brasil-1100-mil-360-meses
Banco do Brasil;1100000;0.79;420;simulador-banco-do-brasil-1100-mil-420-meses
Banco do Brasil;1150000;0.79;360;simulador-banco-do-brasil-1150-mil-360-meses
Banco do Brasil;1150000;0.79;420;simulador-banco-do-brasil-1150-mil-420-meses
Banco do Brasil;1200000;0.79;360;simulador-banco-do-brasil-1200-mil-360-meses
Banco do Brasil;1200000;0.79;420;simulador-banco-do-brasil-1200-mil-420-meses
Banco do Brasil;1250000;0.79;360;simulador-banco-do-brasil-1250-mil-360-meses
Banco do Brasil;1250000;0.79;420;simulador-banco-do-brasil-1250-mil-420-meses
Banco do Brasil;1300000;0.79;360;simulador-banco-do-brasil-1300-mil-360-meses
Banco do Brasil;1300000;0.79;420;simulador-banco-do-brasil-1300-mil-420-meses
Banco do Brasil;1350000;0.79;360;simulador-banco-do-brasil-1350-mil-360-meses
Banco do Brasil;1350000;0.79;420;simulador-banco-do-brasil-1350-mil-420-meses
Banco do Brasil;1400000;0.79;360;simulador-banco-do-brasil-1400-mil-360-meses
Banco do Brasil;1400000;0.79;420;simulador-banco-do-brasil-1400-mil-420-meses
Banco do Brasil;1450000;0.79;360;simulador-banco-do-brasil-1450-mil-360-meses
Banco do Brasil;1450000;0.79;420;simulador-banco-do-brasil-1450-mil-420-meses
Banco do Brasil;1500000;0.79;360;simulador-banco-do-brasil-1500-mil-360-meses
Banco do Brasil;1500000;0.79;420;simulador-banco-do-brasil-1500-mil-420-meses
Itau;150000;0.85;360;simulador-itau-150-mil-360-meses
Itau;150000;0.85;420;simulador-itau-150-mil-420-meses
Itau;200000;0.85;360;simulador-itau-200-mil-360-meses
Itau;200000;0.85;420;simulador-itau-200-mil-420-meses
Itau;250000;0.85;360;simulador-itau-250-mil-360-meses
Itau;250000;0.85;420;simulador-itau-250-mil-420-meses
Itau;300000;0.85;360;simulador-itau-300-mil-360-meses
Itau;300000;0.85;420;simulador-itau-300-mil-420-meses
Itau;350000;0.85;360;simulador-itau-350-mil-360-meses
Itau;350000;0.85;420;simulador-itau-350-mil-420-meses
Itau;400000;0.85;360;simulador-itau-400-mil-360-meses
Itau;400000;0.85;420;simulador-itau-400-mil-420-meses
Itau;450000;0.85;360;simulador-itau-450-mil-360-meses
Itau;450000;0.85;420;simulador-itau-450-mil-420-meses
Itau;500000;0.85;360;simulador-itau-500-mil-360-meses
Itau;500000;0.85;420;simulador-itau-500-mil-420-meses
Itau;550000;0.85;360;simulador-itau-550-mil-360-meses
Itau;550000;0.85;420;simulador-itau-550-mil-420-meses
Itau;600000;0.85;360;simulador-itau-600-mil-360-meses
Itau;600000;0.85;420;simulador-itau-600-mil-420-meses
Itau;650000;0.85;360;simulador-itau-650-mil-360-meses
Itau;650000;0.85;420;simulador-itau-650-mil-420-meses
Itau;700000;0.85;360;simulador-itau-700-mil-360-meses
Itau;700000;0.85;420;simulador-itau-700-mil-420-meses
Itau;750000;0.85;360;simulador-itau-750-mil-360-meses
Itau;750000;0.85;420;simulador-itau-750-mil-420-meses
Itau;800000;0.85;360;simulador-itau-800-mil-360-meses
Itau;800000;0.85;420;simulador-itau-800-mil-420-meses
Itau;850000;0.85;360;simulador-itau-850-mil-360-meses
Itau;850000;0.85;420;simulador-itau-850-mil-420-meses
Itau;900000;0.85;360;simulador-itau-900-mil-360-meses
Itau;900000;0.85;420;simulador-itau-900-mil-420-meses
Itau;950000;0.85;360;simulador-itau-950-mil-360-meses
Itau;950000;0.85;420;simulador-itau-950-mil-420-meses
Itau;1000000;0.85;360;simulador-itau-1000-mil-360-meses
Itau;1000000;0.85;420;simulador-itau-1000-mil-420-meses
Itau;1050000;0.85;360;simulador-itau-1050-mil-360-meses
Itau;1050000;0.85;420;simulador-itau-1050-mil-420-meses
Itau;1100000;0.85;360;simulador-itau-1100-mil-360-meses
Itau;1100000;0.85;420;simulador-itau-1100-mil-420-meses
Itau;1150000;0.85;360;simulador-itau-1150-mil-360-meses
Itau;1150000;0.85;420;simulador-itau-1150-mil-420-meses
Itau;1200000;0.85;360;simulador-itau-1200-mil-360-meses
Itau;1200000;0.85;420;simulador-itau-1200-mil-420-meses
Itau;1250000;0.85;360;simulador-itau-1250-mil-360-meses
Itau;1250000;0.85;420;simulador-itau-1250-mil-420-meses
Itau;1300000;0.85;360;simulador-itau-1300-mil-360-meses
Itau;1300000;0.85;420;simulador-itau-1300-mil-420-meses
Itau;1350000;0.85;360;simulador-itau-1350-mil-360-meses
Itau;1350000;0.85;420;simulador-itau-1350-mil-420-meses
Itau;1400000;0.85;360;simulador-itau-1400-mil-360-meses
Itau;1400000;0.85;420;simulador-itau-1400-mil-420-meses
Itau;1450000;0.85;360;simulador-itau-1450-mil-360-meses
Itau;1450000;0.85;420;simulador-itau-1450-mil-420-meses
Itau;1500000;0.85;360;simulador-itau-1500-mil-360-meses
Itau;1500000;0.85;420;simulador-itau-1500-mil-420-meses
Bradesco;150000;0.83;360;simulador-bradesco-150-mil-360-meses
Bradesco;150000;0.83;420;simulador-bradesco-150-mil-420-meses
Bradesco;200000;0.83;360;simulador-bradesco-200-mil-360-meses
Bradesco;200000;0.83;420;simulador-bradesco-200-mil-420-meses
Bradesco;250000;0.83;360;simulador-bradesco-250-mil-360-meses
Bradesco;250000;0.83;420;simulador-bradesco-250-mil-420-meses
Bradesco;300000;0.83;360;simulador-bradesco-300-mil-360-meses
Bradesco;300000;0.83;420;simulador-bradesco-300-mil-420-meses
Bradesco;350000;0.83;360;simulador-bradesco-350-mil-360-meses
Bradesco;350000;0.83;420;simulador-bradesco-350-mil-420-meses
Bradesco;400000;0.83;360;simulador-bradesco-400-mil-360-meses
Bradesco;400000;0.83;420;simulador-bradesco-400-mil-420-meses
Bradesco;450000;0.83;360;simulador-bradesco-450-mil-360-meses
Bradesco;450000;0.83;420;simulador-bradesco-450-mil-420-meses
Bradesco;500000;0.83;360;simulador-bradesco-500-mil-360-meses
Bradesco;500000;0.83;420;simulador-bradesco-500-mil-420-meses
Bradesco;550000;0.83;360;simulador-bradesco-550-mil-360-meses
Bradesco;550000;0.83;420;simulador-bradesco-550-mil-420-meses
Bradesco;600000;0.83;360;simulador-bradesco-600-mil-360-meses
Bradesco;600000;0.83;420;simulador-bradesco-600-mil-420-meses
Bradesco;650000;0.83;360;simulador-bradesco-650-mil-360-meses
Bradesco;650000;0.83;420;simulador-bradesco-650-mil-420-meses
Bradesco;700000;0.83;360;simulador-bradesco-700-mil-360-meses
Bradesco;700000;0.83;420;simulador-bradesco-700-mil-420-meses
Bradesco;750000;0.83;360;simulador-bradesco-750-mil-360-meses
Bradesco;750000;0.83;420;simulador-bradesco-750-mil-420-meses
Bradesco;800000;0.83;360;simulador-bradesco-800-mil-360-meses
Bradesco;800000;0.83;420;simulador-bradesco-800-mil-420-meses
Bradesco;850000;0.83;360;simulador-bradesco-850-mil-360-meses
Bradesco;850000;0.83;420;simulador-bradesco-850-mil-420-meses
Bradesco;900000;0.83;360;simulador-bradesco-900-mil-360-meses
Bradesco;900000;0.83;420;simulador-bradesco-900-mil-420-meses
Bradesco;950000;0.83;360;simulador-bradesco-950-mil-360-meses
Bradesco;950000;0.83;420;simulador-bradesco-950-mil-420-meses
Bradesco;1000000;0.83;360;simulador-bradesco-1000-mil-360-meses
Bradesco;1000000;0.83;420;simulador-bradesco-1000-mil-420-meses
Bradesco;1050000;0.83;360;simulador-bradesco-1050-mil-360-meses
Bradesco;1050000;0.83;420;simulador-bradesco-1050-mil-420-meses
Bradesco;1100000;0.83;360;simulador-bradesco-1100-mil-360-meses
Bradesco;1100000;0.83;420;simulador-bradesco-1100-mil-420-meses
Bradesco;1150000;0.83;360;simulador-bradesco-1150-mil-360-meses
Bradesco;1150000;0.83;420;simulador-bradesco-1150-mil-420-meses
Bradesco;1200000;0.83;360;simulador-bradesco-1200-mil-360-meses
Bradesco;1200000;0.83;420;simulador-bradesco-1200-mil-420-meses
Bradesco;1250000;0.83;360;simulador-bradesco-1250-mil-360-meses
Bradesco;1250000;0.83;420;simulador-bradesco-1250-mil-420-meses
Bradesco;1300000;0.83;360;simulador-bradesco-1300-mil-360-meses
Bradesco;1300000;0.83;420;simulador-bradesco-1300-mil-420-meses
Bradesco;1350000;0.83;360;simulador-bradesco-1350-mil-360-meses
Bradesco;1350000;0.83;420;simulador-bradesco-1350-mil-420-meses
Bradesco;1400000;0.83;360;simulador-bradesco-1400-mil-360-meses
Bradesco;1400000;0.83;420;simulador-bradesco-1400-mil-420-meses
Bradesco;1450000;0.83;360;simulador-bradesco-1450-mil-360-meses
Bradesco;1450000;0.83;420;simulador-bradesco-1450-mil-420-meses
Bradesco;1500000;0.83;360;simulador-bradesco-1500-mil-360-meses
Bradesco;1500000;0.83;420;simulador-bradesco-1500-mil-420-meses
Santander;150000;0.89;360;simulador-santander-150-mil-360-meses
Santander;150000;0.89;420;simulador-santander-150-mil-420-meses
Santander;200000;0.89;360;simulador-santander-200-mil-360-meses
Santander;200000;0.89;420;simulador-santander-200-mil-420-meses
Santander;250000;0.89;360;simulador-santander-250-mil-360-meses
Santander;250000;0.89;420;simulador-santander-250-mil-420-meses
Santander;300000;0.89;360;simulador-santander-300-mil-360-meses
Santander;300000;0.89;420;simulador-santander-300-mil-420-meses
Santander;350000;0.89;360;simulador-santander-350-mil-360-meses
Santander;350000;0.89;420;simulador-santander-350-mil-420-meses
Santander;400000;0.89;360;simulador-santander-400-mil-360-meses
Santander;400000;0.89;420;simulador-santander-400-mil-420-meses
Santander;450000;0.89;360;simulador-santander-450-mil-360-meses
Santander;450000;0.89;420;simulador-santander-450-mil-420-meses
Santander;500000;0.89;360;simulador-santander-500-mil-360-meses
Santander;500000;0.89;420;simulador-santander-500-mil-420-meses
Santander;550000;0.89;360;simulador-santander-550-mil-360-meses
Santander;550000;0.89;420;simulador-santander-550-mil-420-meses
Santander;600000;0.89;360;simulador-santander-600-mil-360-meses
Santander;600000;0.89;420;simulador-santander-600-mil-420-meses
Santander;650000;0.89;360;simulador-santander-650-mil-360-meses
Santander;650000;0.89;420;simulador-santander-650-mil-420-meses
Santander;700000;0.89;360;simulador-santander-700-mil-360-meses
Santander;700000;0.89;420;simulador-santander-700-mil-420-meses
Santander;750000;0.89;360;simulador-santander-750-mil-360-meses
Santander;750000;0.89;420;simulador-santander-750-mil-420-meses
Santander;800000;0.89;360;simulador-santander-800-mil-360-meses
Santander;800000;0.89;420;simulador-santander-800-mil-420-meses
Santander;850000;0.89;360;simulador-santander-850-mil-360-meses
Santander;850000;0.89;420;simulador-santander-850-mil-420-meses
Santander;900000;0.89;360;simulador-santander-900-mil-360-meses
Santander;900000;0.89;420;simulador-santander-900-mil-420-meses
Santander;950000;0.89;360;simulador-santander-950-mil-360-meses
Santander;950000;0.89;420;simulador-santander-950-mil-420-meses
Santander;1000000;0.89;360;simulador-santander-1000-mil-360-meses
Santander;1000000;0.89;420;simulador-santander-1000-mil-420-meses
Santander;1050000;0.89;360;simulador-santander-1050-mil-360-meses
Santander;1050000;0.89;420;simulador-santander-1050-mil-420-meses
Santander;1100000;0.89;360;simulador-santander-1100-mil-360-meses
Santander;1100000;0.89;420;simulador-santander-1100-mil-420-meses
Santander;1150000;0.89;360;simulador-santander-1150-mil-360-meses
Santander;1150000;0.89;420;simulador-santander-1150-mil-420-meses
Santander;1200000;0.89;360;simulador-santander-1200-mil-360-meses
Santander;1200000;0.89;420;simulador-santander-1200-mil-420-meses
Santander;1250000;0.89;360;simulador-santander-1250-mil-360-meses
Santander;1250000;0.89;420;simulador-santander-1250-mil-420-meses
Santander;1300000;0.89;360;simulador-santander-1300-mil-360-meses
Santander;1300000;0.89;420;simulador-santander-1300-mil-420-meses
Santander;1350000;0.89;360;simulador-santander-1350-mil-360-meses
Santander;1350000;0.89;420;simulador-santander-1350-mil-420-meses
Santander;1400000;0.89;360;simulador-santander-1400-mil-360-meses
Santander;1400000;0.89;420;simulador-santander-1400-mil-420-meses
Santander;1450000;0.89;360;simulador-santander-1450-mil-360-meses
Santander;1450000;0.89;420;simulador-santander-1450-mil-420-meses
Santander;1500000;0.89;360;simulador-santander-1500-mil-360-meses
Santander;1500000;0.89;420;simulador-santander-1500-mil-420-meses
Banco Inter;150000;0.82;360;simulador-banco-inter-150-mil-360-meses
Banco Inter;150000;0.82;420;simulador-banco-inter-150-mil-420-meses
Banco Inter;200000;0.82;360;simulador-banco-inter-200-mil-360-meses
Banco Inter;200000;0.82;420;simulador-banco-inter-200-mil-420-meses
Banco Inter;250000;0.82;360;simulador-banco-inter-250-mil-360-meses
Banco Inter;250000;0.82;420;simulador-banco-inter-250-mil-420-meses
Banco Inter;300000;0.82;360;simulador-banco-inter-300-mil-360-meses
Banco Inter;300000;0.82;420;simulador-banco-inter-300-mil-420-meses
Banco Inter;350000;0.82;360;simulador-banco-inter-350-mil-360-meses
Banco Inter;350000;0.82;420;simulador-banco-inter-350-mil-420-meses
Banco Inter;400000;0.82;360;simulador-banco-inter-400-mil-360-meses
Banco Inter;400000;0.82;420;simulador-banco-inter-400-mil-420-meses
Banco Inter;450000;0.82;360;simulador-banco-inter-450-mil-360-meses
Banco Inter;450000;0.82;420;simulador-banco-inter-450-mil-420-meses
Banco Inter;500000;0.82;360;simulador-banco-inter-500-mil-360-meses
Banco Inter;500000;0.82;420;simulador-banco-inter-500-mil-420-meses
Banco Inter;550000;0.82;360;simulador-banco-inter-550-mil-360-meses
Banco Inter;550000;0.82;420;simulador-banco-inter-550-mil-420-meses
Banco Inter;600000;0.82;360;simulador-banco-inter-600-mil-360-meses
Banco Inter;600000;0.82;420;simulador-banco-inter-600-mil-420-meses
Banco Inter;650000;0.82;360;simulador-banco-inter-650-mil-360-meses
Banco Inter;650000;0.82;420;simulador-banco-inter-650-mil-420-meses
Banco Inter;700000;0.82;360;simulador-banco-inter-700-mil-360-meses
Banco Inter;700000;0.82;420;simulador-banco-inter-700-mil-420-meses
Banco Inter;750000;0.82;360;simulador-banco-inter-750-mil-360-meses
Banco Inter;750000;0.82;420;simulador-banco-inter-750-mil-420-meses
Banco Inter;800000;0.82;360;simulador-banco-inter-800-mil-360-meses
Banco Inter;800000;0.82;420;simulador-banco-inter-800-mil-420-meses
Banco Inter;850000;0.82;360;simulador-banco-inter-850-mil-360-meses
Banco Inter;850000;0.82;420;simulador-banco-inter-850-mil-420-meses
Banco Inter;900000;0.82;360;simulador-banco-inter-900-mil-360-meses
Banco Inter;900000;0.82;420;simulador-banco-inter-900-mil-420-meses
Banco Inter;950000;0.82;360;simulador-banco-inter-950-mil-360-meses
Banco Inter;950000;0.82;420;simulador-banco-inter-950-mil-420-meses
Banco Inter;1000000;0.82;360;simulador-banco-inter-1000-mil-360-meses
Banco Inter;1000000;0.82;420;simulador-banco-inter-1000-mil-420-meses
Banco Inter;1050000;0.82;360;simulador-banco-inter-1050-mil-360-meses
Banco Inter;1050000;0.82;420;simulador-banco-inter-1050-mil-420-meses
Banco Inter;1100000;0.82;360;simulador-banco-inter-1100-mil-360-meses
Banco Inter;1100000;0.82;420;simulador-banco-inter-1100-mil-420-meses
Banco Inter;1150000;0.82;360;simulador-banco-inter-1150-mil-360-meses
Banco Inter;1150000;0.82;420;simulador-banco-inter-1150-mil-420-meses
Banco Inter;1200000;0.82;360;simulador-banco-inter-1200-mil-360-meses
Banco Inter;1200000;0.82;420;simulador-banco-inter-1200-mil-420-meses
Banco Inter;1250000;0.82;360;simulador-banco-inter-1250-mil-360-meses
Banco Inter;1250000;0.82;420;simulador-banco-inter-1250-mil-420-meses
Banco Inter;1300000;0.82;360;simulador-banco-inter-1300-mil-360-meses
Banco Inter;1300000;0.82;420;simulador-banco-inter-1300-mil-420-meses
Banco Inter;1350000;0.82;360;simulador-banco-inter-1350-mil-360-meses
Banco Inter;1350000;0.82;420;simulador-banco-inter-1350-mil-420-meses
Banco Inter;1400000;0.82;360;simulador-banco-inter-1400-mil-360-meses
Banco Inter;1400000;0.82;420;simulador-banco-inter-1400-mil-420-meses
Banco Inter;1450000;0.82;360;simulador-banco-inter-1450-mil-360-meses
Banco Inter;1450000;0.82;420;simulador-banco-inter-1450-mil-420-meses
Banco Inter;1500000;0.82;360;simulador-banco-inter-1500-mil-360-meses
Banco Inter;1500000;0.82;420;simulador-banco-inter-1500-mil-420-meses
Banrisul;150000;0.84;360;simulador-banrisul-150-mil-360-meses
Banrisul;150000;0.84;420;simulador-banrisul-150-mil-420-meses
Banrisul;200000;0.84;360;simulador-banrisul-200-mil-360-meses
Banrisul;200000;0.84;420;simulador-banrisul-200-mil-420-meses
Banrisul;250000;0.84;360;simulador-banrisul-250-mil-360-meses
Banrisul;250000;0.84;420;simulador-banrisul-250-mil-420-meses
Banrisul;300000;0.84;360;simulador-banrisul-300-mil-360-meses
Banrisul;300000;0.84;420;simulador-banrisul-300-mil-420-meses
Banrisul;350000;0.84;360;simulador-banrisul-350-mil-360-meses
Banrisul;350000;0.84;420;simulador-banrisul-350-mil-420-meses
Banrisul;400000;0.84;360;simulador-banrisul-400-mil-360-meses
Banrisul;400000;0.84;420;simulador-banrisul-400-mil-420-meses
Banrisul;450000;0.84;360;simulador-banrisul-450-mil-360-meses
Banrisul;450000;0.84;420;simulador-banrisul-450-mil-420-meses
Banrisul;500000;0.84;360;simulador-banrisul-500-mil-360-meses
Banrisul;500000;0.84;420;simulador-banrisul-500-mil-420-meses
Banrisul;550000;0.84;360;simulador-banrisul-550-mil-360-meses
Banrisul;550000;0.84;420;simulador-banrisul-550-mil-420-meses
Banrisul;600000;0.84;360;simulador-banrisul-600-mil-360-meses
Banrisul;600000;0.84;420;simulador-banrisul-600-mil-420-meses
Banrisul;650000;0.84;360;simulador-banrisul-650-mil-360-meses
Banrisul;650000;0.84;420;simulador-banrisul-650-mil-420-meses
Banrisul;700000;0.84;360;simulador-banrisul-700-mil-360-meses
Banrisul;700000;0.84;420;simulador-banrisul-700-mil-420-meses
Banrisul;750000;0.84;360;simulador-banrisul-750-mil-360-meses
Banrisul;750000;0.84;420;simulador-banrisul-750-mil-420-meses
Banrisul;800000;0.84;360;simulador-banrisul-800-mil-360-meses
Banrisul;800000;0.84;420;simulador-banrisul-800-mil-420-meses
Banrisul;850000;0.84;360;simulador-banrisul-850-mil-360-meses
Banrisul;850000;0.84;420;simulador-banrisul-850-mil-420-meses
Banrisul;900000;0.84;360;simulador-banrisul-900-mil-360-meses
Banrisul;900000;0.84;420;simulador-banrisul-900-mil-420-meses
Banrisul;950000;0.84;360;simulador-banrisul-950-mil-360-meses
Banrisul;950000;0.84;420;simulador-banrisul-950-mil-420-meses
Banrisul;1000000;0.84;360;simulador-banrisul-1000-mil-360-meses
Banrisul;1000000;0.84;420;simulador-banrisul-1000-mil-420-meses
Banrisul;1050000;0.84;360;simulador-banrisul-1050-mil-360-meses
Banrisul;1050000;0.84;420;simulador-banrisul-1050-mil-420-meses
Banrisul;1100000;0.84;360;simulador-banrisul-1100-mil-360-meses
Banrisul;1100000;0.84;420;simulador-banrisul-1100-mil-420-meses
Banrisul;1150000;0.84;360;simulador-banrisul-1150-mil-360-meses
Banrisul;1150000;0.84;420;simulador-banrisul-1150-mil-420-meses
Banrisul;1200000;0.84;360;simulador-banrisul-1200-mil-360-meses
Banrisul;1200000;0.84;420;simulador-banrisul-1200-mil-420-meses
Banrisul;1250000;0.84;360;simulador-banrisul-1250-mil-360-meses
Banrisul;1250000;0.84;420;simulador-banrisul-1250-mil-420-meses
Banrisul;1300000;0.84;360;simulador-banrisul-1300-mil-360-meses
Banrisul;1300000;0.84;420;simulador-banrisul-1300-mil-420-meses
Banrisul;1350000;0.84;360;simulador-banrisul-1350-mil-360-meses
Banrisul;1350000;0.84;420;simulador-banrisul-1350-mil-420-meses
Banrisul;1400000;0.84;360;simulador-banrisul-1400-mil-360-meses
Banrisul;1400000;0.84;420;simulador-banrisul-1400-mil-420-meses
Banrisul;1450000;0.84;360;simulador-banrisul-1450-mil-360-meses
Banrisul;1450000;0.84;420;simulador-banrisul-1450-mil-420-meses
Banrisul;1500000;0.84;360;simulador-banrisul-1500-mil-360-meses
Banrisul;1500000;0.84;420;simulador-banrisul-1500-mil-420-meses
BRB;150000;0.78;360;simulador-brb-150-mil-360-meses
BRB;150000;0.78;420;simulador-brb-150-mil-420-meses
BRB;200000;0.78;360;simulador-brb-200-mil-360-meses
BRB;200000;0.78;420;simulador-brb-200-mil-420-meses
BRB;250000;0.78;360;simulador-brb-250-mil-360-meses
BRB;250000;0.78;420;simulador-brb-250-mil-420-meses
BRB;300000;0.78;360;simulador-brb-300-mil-360-meses
BRB;300000;0.78;420;simulador-brb-300-mil-420-meses
BRB;350000;0.78;360;simulador-brb-350-mil-360-meses
BRB;350000;0.78;420;simulador-brb-350-mil-420-meses
BRB;400000;0.78;360;simulador-brb-400-mil-360-meses
BRB;400000;0.78;420;simulador-brb-400-mil-420-meses
BRB;450000;0.78;360;simulador-brb-450-mil-360-meses
BRB;450000;0.78;420;simulador-brb-450-mil-420-meses
BRB;500000;0.78;360;simulador-brb-500-mil-360-meses
BRB;500000;0.78;420;simulador-brb-500-mil-420-meses
BRB;550000;0.78;360;simulador-brb-550-mil-360-meses
BRB;550000;0.78;420;simulador-brb-550-mil-420-meses
BRB;600000;0.78;360;simulador-brb-600-mil-360-meses
BRB;600000;0.78;420;simulador-brb-600-mil-420-meses
BRB;650000;0.78;360;simulador-brb-650-mil-360-meses
BRB;650000;0.78;420;simulador-brb-650-mil-420-meses
BRB;700000;0.78;360;simulador-brb-700-mil-360-meses
BRB;700000;0.78;420;simulador-brb-700-mil-420-meses
BRB;750000;0.78;360;simulador-brb-750-mil-360-meses
BRB;750000;0.78;420;simulador-brb-750-mil-420-meses
BRB;800000;0.78;360;simulador-brb-800-mil-360-meses
BRB;800000;0.78;420;simulador-brb-800-mil-420-meses
BRB;850000;0.78;360;simulador-brb-850-mil-360-meses
BRB;850000;0.78;420;simulador-brb-850-mil-420-meses
BRB;900000;0.78;360;simulador-brb-900-mil-360-meses
BRB;900000;0.78;420;simulador-brb-900-mil-420-meses
BRB;950000;0.78;360;simulador-brb-950-mil-360-meses
BRB;950000;0.78;420;simulador-brb-950-mil-420-meses
BRB;1000000;0.78;360;simulador-brb-1000-mil-360-meses
BRB;1000000;0.78;420;simulador-brb-1000-mil-420-meses
BRB;1050000;0.78;360;simulador-brb-1050-mil-360-meses
BRB;1050000;0.78;420;simulador-brb-1050-mil-420-meses
BRB;1100000;0.78;360;simulador-brb-1100-mil-360-meses
BRB;1100000;0.78;420;simulador-brb-1100-mil-420-meses
BRB;1150000;0.78;360;simulador-brb-1150-mil-360-meses
BRB;1150000;0.78;420;simulador-brb-1150-mil-420-meses
BRB;1200000;0.78;360;simulador-brb-1200-mil-360-meses
BRB;1200000;0.78;420;simulador-brb-1200-mil-420-meses
BRB;1250000;0.78;360;simulador-brb-1250-mil-360-meses
BRB;1250000;0.78;420;simulador-brb-1250-mil-420-meses
BRB;1300000;0.78;360;simulador-brb-1300-mil-360-meses
BRB;1300000;0.78;420;simulador-brb-1300-mil-420-meses
BRB;1350000;0.78;360;simulador-brb-1350-mil-360-meses
BRB;1350000;0.78;420;simulador-brb-1350-mil-420-meses
BRB;1400000;0.78;360;simulador-brb-1400-mil-360-meses
BRB;1400000;0.78;420;simulador-brb-1400-mil-420-meses
BRB;1450000;0.78;360;simulador-brb-1450-mil-360-meses
BRB;1450000;0.78;420;simulador-brb-1450-mil-420-meses
BRB;1500000;0.78;360;simulador-brb-1500-mil-360-meses
BRB;1500000;0.78;420;simulador-brb-1500-mil-420-meses
Sicredi;150000;0.81;360;simulador-sicredi-150-mil-360-meses
Sicredi;150000;0.81;420;simulador-sicredi-150-mil-420-meses
Sicredi;200000;0.81;360;simulador-sicredi-200-mil-360-meses
Sicredi;200000;0.81;420;simulador-sicredi-200-mil-420-meses
Sicredi;250000;0.81;360;simulador-sicredi-250-mil-360-meses
Sicredi;250000;0.81;420;simulador-sicredi-250-mil-420-meses
Sicredi;300000;0.81;360;simulador-sicredi-300-mil-360-meses
Sicredi;300000;0.81;420;simulador-sicredi-300-mil-420-meses
Sicredi;350000;0.81;360;simulador-sicredi-350-mil-360-meses
Sicredi;350000;0.81;420;simulador-sicredi-350-mil-420-meses
Sicredi;400000;0.81;360;simulador-sicredi-400-mil-360-meses
Sicredi;400000;0.81;420;simulador-sicredi-400-mil-420-meses
Sicredi;450000;0.81;360;simulador-sicredi-450-mil-360-meses
Sicredi;450000;0.81;420;simulador-sicredi-450-mil-420-meses
Sicredi;500000;0.81;360;simulador-sicredi-500-mil-360-meses
Sicredi;500000;0.81;420;simulador-sicredi-500-mil-420-meses
Sicredi;550000;0.81;360;simulador-sicredi-550-mil-360-meses
Sicredi;550000;0.81;420;simulador-sicredi-550-mil-420-meses
Sicredi;600000;0.81;360;simulador-sicredi-600-mil-360-meses
Sicredi;600000;0.81;420;simulador-sicredi-600-mil-420-meses
Sicredi;650000;0.81;360;simulador-sicredi-650-mil-360-meses
Sicredi;650000;0.81;420;simulador-sicredi-650-mil-420-meses
Sicredi;700000;0.81;360;simulador-sicredi-700-mil-360-meses
Sicredi;700000;0.81;420;simulador-sicredi-700-mil-420-meses
Sicredi;750000;0.81;360;simulador-sicredi-750-mil-360-meses
Sicredi;750000;0.81;420;simulador-sicredi-750-mil-420-meses
Sicredi;800000;0.81;360;simulador-sicredi-800-mil-360-meses
Sicredi;800000;0.81;420;simulador-sicredi-800-mil-420-meses
Sicredi;850000;0.81;360;simulador-sicredi-850-mil-360-meses
Sicredi;850000;0.81;420;simulador-sicredi-850-mil-420-meses
Sicredi;900000;0.81;360;simulador-sicredi-900-mil-360-meses
Sicredi;900000;0.81;420;simulador-sicredi-900-mil-420-meses
Sicredi;950000;0.81;360;simulador-sicredi-950-mil-360-meses
Sicredi;950000;0.81;420;simulador-sicredi-950-mil-420-meses
Sicredi;1000000;0.81;360;simulador-sicredi-1000-mil-360-meses
Sicredi;1000000;0.81;420;simulador-sicredi-1000-mil-420-meses
Sicredi;1050000;0.81;360;simulador-sicredi-1050-mil-360-meses
Sicredi;1050000;0.81;420;simulador-sicredi-1050-mil-420-meses
Sicredi;1100000;0.81;360;simulador-sicredi-1100-mil-360-meses
Sicredi;1100000;0.81;420;simulador-sicredi-1100-mil-420-meses
Sicredi;1150000;0.81;360;simulador-sicredi-1150-mil-360-meses
Sicredi;1150000;0.81;420;simulador-sicredi-1150-mil-420-meses
Sicredi;1200000;0.81;360;simulador-sicredi-1200-mil-360-meses
Sicredi;1200000;0.81;420;simulador-sicredi-1200-mil-420-meses
Sicredi;1250000;0.81;360;simulador-sicredi-1250-mil-360-meses
Sicredi;1250000;0.81;420;simulador-sicredi-1250-mil-420-meses
Sicredi;1300000;0.81;360;simulador-sicredi-1300-mil-360-meses
Sicredi;1300000;0.81;420;simulador-sicredi-1300-mil-420-meses
Sicredi;1350000;0.81;360;simulador-sicredi-1350-mil-360-meses
Sicredi;1350000;0.81;420;simulador-sicredi-1350-mil-420-meses
Sicredi;1400000;0.81;360;simulador-sicredi-1400-mil-360-meses
Sicredi;1400000;0.81;420;simulador-sicredi-1400-mil-420-meses
Sicredi;1450000;0.81;360;simulador-sicredi-1450-mil-360-meses
Sicredi;1450000;0.81;420;simulador-sicredi-1450-mil-420-meses
Sicredi;1500000;0.81;360;simulador-sicredi-1500-mil-360-meses
Sicredi;1500000;0.81;420;simulador-sicredi-1500-mil-420-meses
Sicoob;150000;0.8;360;simulador-sicoob-150-mil-360-meses
Sicoob;150000;0.8;420;simulador-sicoob-150-mil-420-meses
Sicoob;200000;0.8;360;simulador-sicoob-200-mil-360-meses
Sicoob;200000;0.8;420;simulador-sicoob-200-mil-420-meses
Sicoob;250000;0.8;360;simulador-sicoob-250-mil-360-meses
Sicoob;250000;0.8;420;simulador-sicoob-250-mil-420-meses
Sicoob;300000;0.8;360;simulador-sicoob-300-mil-360-meses
Sicoob;300000;0.8;420;simulador-sicoob-300-mil-420-meses
Sicoob;350000;0.8;360;simulador-sicoob-350-mil-360-meses
Sicoob;350000;0.8;420;simulador-sicoob-350-mil-420-meses
Sicoob;400000;0.8;360;simulador-sicoob-400-mil-360-meses
Sicoob;400000;0.8;420;simulador-sicoob-400-mil-420-meses
Sicoob;450000;0.8;360;simulador-sicoob-450-mil-360-meses
Sicoob;450000;0.8;420;simulador-sicoob-450-mil-420-meses
Sicoob;500000;0.8;360;simulador-sicoob-500-mil-360-meses
Sicoob;500000;0.8;420;simulador-sicoob-500-mil-420-meses
Sicoob;550000;0.8;360;simulador-sicoob-550-mil-360-meses
Sicoob;550000;0.8;420;simulador-sicoob-550-mil-420-meses
Sicoob;600000;0.8;360;simulador-sicoob-600-mil-360-meses
Sicoob;600000;0.8;420;simulador-sicoob-600-mil-420-meses
Sicoob;650000;0.8;360;simulador-sicoob-650-mil-360-meses
Sicoob;650000;0.8;420;simulador-sicoob-650-mil-420-meses
Sicoob;700000;0.8;360;simulador-sicoob-700-mil-360-meses
Sicoob;700000;0.8;420;simulador-sicoob-700-mil-420-meses
Sicoob;750000;0.8;360;simulador-sicoob-750-mil-360-meses
Sicoob;750000;0.8;420;simulador-sicoob-750-mil-420-meses
Sicoob;800000;0.8;360;simulador-sicoob-800-mil-360-meses
Sicoob;800000;0.8;420;simulador-sicoob-800-mil-420-meses
Sicoob;850000;0.8;360;simulador-sicoob-850-mil-360-meses
Sicoob;850000;0.8;420;simulador-sicoob-850-mil-420-meses
Sicoob;900000;0.8;360;simulador-sicoob-900-mil-360-meses
Sicoob;900000;0.8;420;simulador-sicoob-900-mil-420-meses
Sicoob;950000;0.8;360;simulador-sicoob-950-mil-360-meses
Sicoob;950000;0.8;420;simulador-sicoob-950-mil-420-meses
Sicoob;1000000;0.8;360;simulador-sicoob-1000-mil-360-meses
Sicoob;1000000;0.8;420;simulador-sicoob-1000-mil-420-meses
Sicoob;1050000;0.8;360;simulador-sicoob-1050-mil-360-meses
Sicoob;1050000;0.8;420;simulador-sicoob-1050-mil-420-meses
Sicoob;1100000;0.8;360;simulador-sicoob-1100-mil-360-meses
Sicoob;1100000;0.8;420;simulador-sicoob-1100-mil-420-meses
Sicoob;1150000;0.8;360;simulador-sicoob-1150-mil-360-meses
Sicoob;1150000;0.8;420;simulador-sicoob-1150-mil-420-meses
Sicoob;1200000;0.8;360;simulador-sicoob-1200-mil-360-meses
Sicoob;1200000;0.8;420;simulador-sicoob-1200-mil-420-meses
Sicoob;1250000;0.8;360;simulador-sicoob-1250-mil-360-meses
Sicoob;1250000;0.8;420;simulador-sicoob-1250-mil-420-meses
Sicoob;1300000;0.8;360;simulador-sicoob-1300-mil-360-meses
Sicoob;1300000;0.8;420;simulador-sicoob-1300-mil-420-meses
Sicoob;1350000;0.8;360;simulador-sicoob-1350-mil-360-meses
Sicoob;1350000;0.8;420;simulador-sicoob-1350-mil-420-meses
Sicoob;1400000;0.8;360;simulador-sicoob-1400-mil-360-meses
Sicoob;1400000;0.8;420;simulador-sicoob-1400-mil-420-meses
Sicoob;1450000;0.8;360;simulador-sicoob-1450-mil-360-meses
Sicoob;1450000;0.8;420;simulador-sicoob-1450-mil-420-meses
Sicoob;1500000;0.8;360;simulador-sicoob-1500-mil-360-meses
Sicoob;1500000;0.8;420;simulador-sicoob-1500-mil-420-meses
C6 Bank;150000;0.86;360;simulador-c6-bank-150-mil-360-meses
C6 Bank;150000;0.86;420;simulador-c6-bank-150-mil-420-meses
C6 Bank;200000;0.86;360;simulador-c6-bank-200-mil-360-meses
C6 Bank;200000;0.86;420;simulador-c6-bank-200-mil-420-meses
C6 Bank;250000;0.86;360;simulador-c6-bank-250-mil-360-meses
C6 Bank;250000;0.86;420;simulador-c6-bank-250-mil-420-meses
C6 Bank;300000;0.86;360;simulador-c6-bank-300-mil-360-meses
C6 Bank;300000;0.86;420;simulador-c6-bank-300-mil-420-meses
C6 Bank;350000;0.86;360;simulador-c6-bank-350-mil-360-meses
C6 Bank;350000;0.86;420;simulador-c6-bank-350-mil-420-meses
C6 Bank;400000;0.86;360;simulador-c6-bank-400-mil-360-meses
C6 Bank;400000;0.86;420;simulador-c6-bank-400-mil-420-meses
C6 Bank;450000;0.86;360;simulador-c6-bank-450-mil-360-meses
C6 Bank;450000;0.86;420;simulador-c6-bank-450-mil-420-meses
C6 Bank;500000;0.86;360;simulador-c6-bank-500-mil-360-meses
C6 Bank;500000;0.86;420;simulador-c6-bank-500-mil-420-meses
C6 Bank;550000;0.86;360;simulador-c6-bank-550-mil-360-meses
C6 Bank;550000;0.86;420;simulador-c6-bank-550-mil-420-meses
C6 Bank;600000;0.86;360;simulador-c6-bank-600-mil-360-meses
C6 Bank;600000;0.86;420;simulador-c6-bank-600-mil-420-meses
C6 Bank;650000;0.86;360;simulador-c6-bank-650-mil-360-meses
C6 Bank;650000;0.86;420;simulador-c6-bank-650-mil-420-meses
C6 Bank;700000;0.86;360;simulador-c6-bank-700-mil-360-meses
C6 Bank;700000;0.86;420;simulador-c6-bank-700-mil-420-meses
C6 Bank;750000;0.86;360;simulador-c6-bank-750-mil-360-meses
C6 Bank;750000;0.86;420;simulador-c6-bank-750-mil-420-meses
C6 Bank;800000;0.86;360;simulador-c6-bank-800-mil-360-meses
C6 Bank;800000;0.86;420;simulador-c6-bank-800-mil-420-meses
C6 Bank;850000;0.86;360;simulador-c6-bank-850-mil-360-meses
C6 Bank;850000;0.86;420;simulador-c6-bank-850-mil-420-meses
C6 Bank;900000;0.86;360;simulador-c6-bank-900-mil-360-meses
C6 Bank;900000;0.86;420;simulador-c6-bank-900-mil-420-meses
C6 Bank;950000;0.86;360;simulador-c6-bank-950-mil-360-meses
C6 Bank;950000;0.86;420;simulador-c6-bank-950-mil-420-meses
C6 Bank;1000000;0.86;360;simulador-c6-bank-1000-mil-360-meses
C6 Bank;1000000;0.86;420;simulador-c6-bank-1000-mil-420-meses
C6 Bank;1050000;0.86;360;simulador-c6-bank-1050-mil-360-meses
C6 Bank;1050000;0.86;420;simulador-c6-bank-1050-mil-420-meses
C6 Bank;1100000;0.86;360;simulador-c6-bank-1100-mil-360-meses
C6 Bank;1100000;0.86;420;simulador-c6-bank-1100-mil-420-meses
C6 Bank;1150000;0.86;360;simulador-c6-bank-1150-mil-360-meses
C6 Bank;1150000;0.86;420;simulador-c6-bank-1150-mil-420-meses
C6 Bank;1200000;0.86;360;simulador-c6-bank-1200-mil-360-meses
C6 Bank;1200000;0.86;420;simulador-c6-bank-1200-mil-420-meses
C6 Bank;1250000;0.86;360;simulador-c6-bank-1250-mil-360-meses
C6 Bank;1250000;0.86;420;simulador-c6-bank-1250-mil-420-meses
C6 Bank;1300000;0.86;360;simulador-c6-bank-1300-mil-360-meses
C6 Bank;1300000;0.86;420;simulador-c6-bank-1300-mil-420-meses
C6 Bank;1350000;0.86;360;simulador-c6-bank-1350-mil-360-meses
C6 Bank;1350000;0.86;420;simulador-c6-bank-1350-mil-420-meses
C6 Bank;1400000;0.86;360;simulador-c6-bank-1400-mil-360-meses
C6 Bank;1400000;0.86;420;simulador-c6-bank-1400-mil-420-meses
C6 Bank;1450000;0.86;360;simulador-c6-bank-1450-mil-360-meses
C6 Bank;1450000;0.86;420;simulador-c6-bank-1450-mil-420-meses
C6 Bank;1500000;0.86;360;simulador-c6-bank-1500-mil-360-meses
C6 Bank;1500000;0.86;420;simulador-c6-bank-1500-mil-420-meses
Poupex;150000;0.77;360;simulador-poupex-150-mil-360-meses
Poupex;150000;0.77;420;simulador-poupex-150-mil-420-meses
Poupex;200000;0.77;360;simulador-poupex-200-mil-360-meses
Poupex;200000;0.77;420;simulador-poupex-200-mil-420-meses
Poupex;250000;0.77;360;simulador-poupex-250-mil-360-meses
Poupex;250000;0.77;420;simulador-poupex-250-mil-420-meses
Poupex;300000;0.77;360;simulador-poupex-300-mil-360-meses
Poupex;300000;0.77;420;simulador-poupex-300-mil-420-meses
Poupex;350000;0.77;360;simulador-poupex-350-mil-360-meses
Poupex;350000;0.77;420;simulador-poupex-350-mil-420-meses
Poupex;400000;0.77;360;simulador-poupex-400-mil-360-meses
Poupex;400000;0.77;420;simulador-poupex-400-mil-420-meses
Poupex;450000;0.77;360;simulador-poupex-450-mil-360-meses
Poupex;450000;0.77;420;simulador-poupex-450-mil-420-meses
Poupex;500000;0.77;360;simulador-poupex-500-mil-360-meses
Poupex;500000;0.77;420;simulador-poupex-500-mil-420-meses
Poupex;550000;0.77;360;simulador-poupex-550-mil-360-meses
Poupex;550000;0.77;420;simulador-poupex-550-mil-420-meses
Poupex;600000;0.77;360;simulador-poupex-600-mil-360-meses
Poupex;600000;0.77;420;simulador-poupex-600-mil-420-meses
Poupex;650000;0.77;360;simulador-poupex-650-mil-360-meses
Poupex;650000;0.77;420;simulador-poupex-650-mil-420-meses
Poupex;700000;0.77;360;simulador-poupex-700-mil-360-meses
Poupex;700000;0.77;420;simulador-poupex-700-mil-420-meses
Poupex;750000;0.77;360;simulador-poupex-750-mil-360-meses
Poupex;750000;0.77;420;simulador-poupex-750-mil-420-meses
Poupex;800000;0.77;360;simulador-poupex-800-mil-360-meses
Poupex;800000;0.77;420;simulador-poupex-800-mil-420-meses
Poupex;850000;0.77;360;simulador-poupex-850-mil-360-meses
Poupex;850000;0.77;420;simulador-poupex-850-mil-420-meses
Poupex;900000;0.77;360;simulador-poupex-900-mil-360-meses
Poupex;900000;0.77;420;simulador-poupex-900-mil-420-meses
Poupex;950000;0.77;360;simulador-poupex-950-mil-360-meses
Poupex;950000;0.77;420;simulador-poupex-950-mil-420-meses
Poupex;1000000;0.77;360;simulador-poupex-1000-mil-360-meses
Poupex;1000000;0.77;420;simulador-poupex-1000-mil-420-meses
Poupex;1050000;0.77;360;simulador-poupex-1050-mil-360-meses
Poupex;1050000;0.77;420;simulador-poupex-1050-mil-420-meses
Poupex;1100000;0.77;360;simulador-poupex-1100-mil-360-meses
Poupex;1100000;0.77;420;simulador-poupex-1100-mil-420-meses
Poupex;1150000;0.77;360;simulador-poupex-1150-mil-360-meses
Poupex;1150000;0.77;420;simulador-poupex-1150-mil-420-meses
Poupex;1200000;0.77;360;simulador-poupex-1200-mil-360-meses
Poupex;1200000;0.77;420;simulador-poupex-1200-mil-420-meses
Poupex;1250000;0.77;360;simulador-poupex-1250-mil-360-meses
Poupex;1250000;0.77;420;simulador-poupex-1250-mil-420-meses
Poupex;1300000;0.77;360;simulador-poupex-1300-mil-360-meses
Poupex;1300000;0.77;420;simulador-poupex-1300-mil-420-meses
Poupex;1350000;0.77;360;simulador-poupex-1350-mil-360-meses
Poupex;1350000;0.77;420;simulador-poupex-1350-mil-420-meses
Poupex;1400000;0.77;360;simulador-poupex-1400-mil-360-meses
Poupex;1400000;0.77;420;simulador-poupex-1400-mil-420-meses
Poupex;1450000;0.77;360;simulador-poupex-1450-mil-360-meses
Poupex;1450000;0.77;420;simulador-poupex-1450-mil-420-meses
Poupex;1500000;0.77;360;simulador-poupex-1500-mil-360-meses
Poupex;1500000;0.77;420;simulador-poupex-1500-mil-420-meses
